name,email,username,password,birthdate,account_status
Trude Babst,tbabst0@usnews.com,tbabst0,fW2=x./hOU@S7_,08/09/1990,Blocked
Griffin Crack,gcrack1@studiopress.com,gcrack1,xF9%lMwO/=gDK,16/03/1994,Active
Claire Schinetti,cschinetti2@csmonitor.com,cschinetti2,jI9?2(&_G#47qC,18/04/1993,Active
Kissee Teligin,kteligin3@deliciousdays.com,kteligin3,"xI2""W1e3",29/08/1990,Inactive
Ellie Iwanczyk,eiwanczyk4@parallels.com,eiwanczyk4,yJ1!8nAn*+aj,16/01/1992,Inactive
Wells Pooley,wpooley5@hibu.com,wpooley5,"bK3""tHLm",01/10/1995,Active
Garik Jacmar,gjacmar6@vinaora.com,gjacmar6,uL8~co\P)yb,10/06/1998,Active
Siusan O'Hartnett,sohartnett7@yelp.com,sohartnett7,lH5.&aqgp>7',02/11/1991,Inactive
Joachim Kapelhoff,jkapelhoff8@upenn.edu,jkapelhoff8,"vL2=X!H'!+xcFy""p",18/01/1990,Active
Correy Whapham,cwhapham9@cyberchimps.com,cwhapham9,"gN2>~.X""f'#*O",22/12/1993,Active
Byron Andriulis,bandriulisa@tinyurl.com,bandriulisa,wG2=#P@8Pery&ar!,15/02/1997,Active
Morgana Cayford,mcayfordb@wufoo.com,mcayfordb,"rA7>,(@a",15/03/1992,Active
Scarlet Raoult,sraoultc@disqus.com,sraoultc,dG7*/(mJjYI@`,16/10/1999,Active
Casper Ferrierio,cferrieriod@ebay.co.uk,cferrieriod,lS4*U=MO,15/12/1997,Active
Tildie Menichillo,tmenichilloe@yale.edu,tmenichilloe,"bO0_B*{G6,(d",20/06/1999,Active
Carlynn Coldicott,ccoldicottf@nbcnews.com,ccoldicottf,"kU0/J\y_9x<OC,e",28/08/1998,Active
Boone Huyge,bhuygeg@parallels.com,bhuygeg,"qE2>gk_""lvy",13/03/1993,Active
Martha Broadbear,mbroadbearh@craigslist.org,mbroadbearh,uD3@glBE2pq,11/11/1997,Inactive
Hermon Ellar,hellari@cbc.ca,hellari,qN2'*|maa,07/01/1991,Active
Ingram Gomm,igommj@msu.edu,igommj,hG8\jmwe,26/02/1998,Active
Beryl Castanyer,bcastanyerk@canalblog.com,bcastanyerk,"hH5*~!<d,D=",13/02/1998,Active
Jerrilee Featherstonhalgh,jfeatherstonhalghl@printfriendly.com,jfeatherstonhalghl,pI7).d4E,19/12/1993,Blocked
Elisabet Perrigo,eperrigom@wikimedia.org,eperrigom,fI3&m_+u,12/04/1993,Active
Elaina Kelby,ekelbyn@prweb.com,ekelbyn,aH6~P_tA,05/10/1996,Blocked
Carlota Larvor,clarvoro@xinhuanet.com,clarvoro,kV4%@Hqp,23/08/1999,Active
Montgomery Paszak,mpaszakp@edublogs.org,mpaszakp,pQ5(UBm.So,30/05/1994,Active
Lindsey Brookes,lbrookesq@elegantthemes.com,lbrookesq,"sP9,Y~(EelrMU5",04/04/1996,Inactive
Marja Pley,mpleyr@amazon.co.uk,mpleyr,"jS3}7""Y&8N",02/01/1998,Active
Corabella Albury,calburys@4shared.com,calburys,"uK3,|(eo(""""",15/01/1995,Active
Clara Pinckney,cpinckneyt@nytimes.com,cpinckneyt,wT0<@9M28?i{kW?u,01/01/1992,Active
Natassia Duncan,nduncanu@theglobeandmail.com,nduncanu,gZ9?hL.r(Oabd,06/09/1997,Active
Broddie Willshear,bwillshearv@sakura.ne.jp,bwillshearv,"rN2=6g1?gv""",14/10/1998,Active
Magdalene Laurisch,mlaurischw@tamu.edu,mlaurischw,"lQ1""OF*""q|*v",28/12/1990,Inactive
Maureen Giorgi,mgiorgix@scribd.com,mgiorgix,"vB0,8ydx<s+PJtR""",11/12/1997,Active
Ilysa Fechnie,ifechniey@google.com.hk,ifechniey,uR1<yPJva+QiU,02/05/1992,Active
Eleanor Forbes,eforbesz@devhub.com,eforbesz,gW4#@|<H\J{rZ%>8,31/01/1990,Active
Gordy Abdy,gabdy10@flavors.me,gabdy10,vW4>60xuW?\}8!q7,14/08/1999,Active
Chloris Long,clong11@globo.com,clong11,sS4?jb0qSwUC3I,20/12/1990,Blocked
Jeannine Marikhin,jmarikhin12@tmall.com,jmarikhin12,wM3{Gv>8pq2MQ,09/02/1994,Active
Carolus Spriggin,cspriggin13@springer.com,cspriggin13,sA5(i}Bn3c.|,29/08/1991,Active
Winnie Huniwall,whuniwall14@dmoz.org,whuniwall14,xD4{7TYjo5)eZRHi,28/06/1995,Active
Tucky Walcar,twalcar15@moonfruit.com,twalcar15,dV5`V~tg`,29/11/1997,Active
Hope Huge,hhuge16@princeton.edu,hhuge16,wN6?Ze+8*3,20/12/1993,Active
Lonna Bilton,lbilton17@ibm.com,lbilton17,"uP0$7b8,fRQ",28/07/1994,Active
Becki Roblou,broblou18@ameblo.jp,broblou18,bV2#S'L?MHjUxIK,13/09/1997,Active
Gordie Kochlin,gkochlin19@uiuc.edu,gkochlin19,"rO1>v,<nYK\L",19/02/1995,Active
Billy Mattusevich,bmattusevich1a@meetup.com,bmattusevich1a,"wC7>@$*,",17/03/1999,Inactive
Torin Cleare,tcleare1b@aol.com,tcleare1b,bM0\p\DQ,26/02/1997,Active
Marion Issatt,missatt1c@live.com,missatt1c,mV6.(>4D,25/01/1990,Active
Millard Girodon,mgirodon1d@oaic.gov.au,mgirodon1d,bZ0=DV&'vAJ=lK,20/05/1993,Active
Guilbert Clilverd,gclilverd1e@tinyurl.com,gclilverd1e,cN0>fObtiw%Ws/,14/06/1990,Active
Cate Cropper,ccropper1f@forbes.com,ccropper1f,cA3`b+SIQt5b+db,26/04/1998,Active
Cleopatra Messer,cmesser1g@psu.edu,cmesser1g,aB0+(iWh<'b|E=,05/01/1999,Active
Stephani Cullagh,scullagh1h@dmoz.org,scullagh1h,iC2&p`n.X@E,13/09/1999,Active
Barb Philipp,bphilipp1i@washington.edu,bphilipp1i,wH6}/t9_3(o<zKg,18/08/1995,Active
Neall Roskruge,nroskruge1j@usgs.gov,nroskruge1j,cX5=d.o$&|D*,11/06/1996,Active
Oates Ogilvie,oogilvie1k@shutterfly.com,oogilvie1k,mO6/B=pw,06/10/1995,Active
Jeana Chill,jchill1l@fc2.com,jchill1l,iU0>baB\?KE{3,24/10/1993,Active
Worthy Hugnot,whugnot1m@odnoklassniki.ru,whugnot1m,iH9?IYJa<!4,31/10/1991,Active
Esma Erickson,eerickson1n@hexun.com,eerickson1n,dL1.LC0W_4Kmv,07/04/1998,Active
Rey Lindelof,rlindelof1o@marketwatch.com,rlindelof1o,xE2/X@2!4Hq,19/09/1995,Inactive
Dorree De la Yglesias,dde1p@yale.edu,dde1p,bQ1=wTF%nK,07/12/1998,Inactive
Natala Parren,nparren1q@deliciousdays.com,nparren1q,qS5`D`v!%4R7,29/08/1991,Blocked
Shaughn Woonton,swoonton1r@cornell.edu,swoonton1r,uE9/<goNB,12/09/1991,Active
Gallagher Melia,gmelia1s@usgs.gov,gmelia1s,zI0(DO66/aT,24/04/1990,Active
Rory Grouen,rgrouen1t@ebay.co.uk,rgrouen1t,oZ0%_(E&S|(9,26/11/1994,Active
Valentin Kestin,vkestin1u@china.com.cn,vkestin1u,hV0&.C*k2j5,13/10/1998,Active
Bridget Drew,bdrew1v@amazon.com,bdrew1v,nL2`%|Wn~b\,12/07/1994,Blocked
Cristal Portlock,cportlock1w@ameblo.jp,cportlock1w,kR1%KK0i$BaSsX*,20/09/1996,Active
Mirella Hiddy,mhiddy1x@comcast.net,mhiddy1x,nX3|Unaru6zO,28/12/1994,Active
Manolo Rummery,mrummery1y@free.fr,mrummery1y,iW3'ts5uP>,16/03/1999,Blocked
Felike Spong,fspong1z@de.vu,fspong1z,mS7)1X$f3f,27/09/1991,Active
Deborah Spours,dspours20@liveinternet.ru,dspours20,zN6/nWIwz<usk8N,25/05/1991,Active
Aurea McCloughen,amccloughen21@umich.edu,amccloughen21,hO3|EwIY,07/07/1991,Active
Illa Digle,idigle22@edublogs.org,idigle22,zU0+v`y$J+xH,25/03/1993,Inactive
Antonino Jeffels,ajeffels23@illinois.edu,ajeffels23,oS1$6ph&0#!Q,25/12/1998,Active
Nelson Bretherton,nbretherton24@sakura.ne.jp,nbretherton24,hY4'HDmA)Ba,28/04/1995,Active
Alison Bickle,abickle25@themeforest.net,abickle25,wF7*0Qfn\!)}w?,11/11/1995,Blocked
Rutter Jacobsson,rjacobsson26@liveinternet.ru,rjacobsson26,lK6+%e%lLe8,10/07/1991,Active
Gorden Coytes,gcoytes27@ed.gov,gcoytes27,cX0+0M|w\f@Y#0),26/12/1993,Active
Cheryl Jon,cjon28@mtv.com,cjon28,bY2_J@gOF|OT,17/08/1992,Active
Amandy Spender,aspender29@amazon.com,aspender29,eT5?I2+MHUtY$U@M,11/08/1997,Active
Jesselyn Dominey,jdominey2a@vistaprint.com,jdominey2a,oG7=iwdkHX!Bp,26/06/1994,Active
Jacky Fawdry,jfawdry2b@nationalgeographic.com,jfawdry2b,pD3*q}2Y)>0,04/06/1991,Active
Valida Vinnick,vvinnick2c@adobe.com,vvinnick2c,zK9@wU><ERcN,05/10/1994,Active
Timotheus Govier,tgovier2d@samsung.com,tgovier2d,rV5!}fvu_3@hGk,07/08/1996,Active
Brewer Demelt,bdemelt2e@etsy.com,bdemelt2e,nA2$l>#f,04/03/1991,Active
Dwain Gilley,dgilley2f@phpbb.com,dgilley2f,gT1!E9OXYxWc,18/01/1999,Active
Anette Sowte,asowte2g@illinois.edu,asowte2g,hV9=+bXX@.#,21/07/1990,Active
Lebbie Tolotti,ltolotti2h@angelfire.com,ltolotti2h,bS2=5#T?},25/09/1997,Active
Kirstyn Jarrett,kjarrett2i@google.de,kjarrett2i,lQ4!6h%%B,19/04/1996,Inactive
Sunny Fadell,sfadell2j@businessinsider.com,sfadell2j,kE6!K2zc~{,29/04/1997,Active
North Clell,nclell2k@yelp.com,nclell2k,tK9!@RR8_/,06/02/1990,Active
Xylina Vawton,xvawton2l@delicious.com,xvawton2l,"wQ6,@IA%Os{}vJc",25/01/1991,Blocked
Laurena Dimblebee,ldimblebee2m@is.gd,ldimblebee2m,jW0@ZqwR6,23/11/1999,Active
Borg Deverall,bdeverall2n@live.com,bdeverall2n,fP8+bK4TlVWbH2YV,21/08/1995,Active
Marnie Pledge,mpledge2o@moonfruit.com,mpledge2o,wE8!n9@N,15/03/1990,Active
Ambrosius Braunds,abraunds2p@arstechnica.com,abraunds2p,"eS7""Ne""UJ<0",08/07/1990,Active
Carleen Bumpas,cbumpas2q@shop-pro.jp,cbumpas2q,cD2!Ckwv$sG6=\,06/03/1993,Active
Forrest Crystal,fcrystal2r@blogs.com,fcrystal2r,tE2=yP1{3(,31/08/1990,Active
